epoch,time,train/box_loss,train/cls_loss,train/dfl_loss,metrics/precision(B),metrics/recall(B),metrics/mAP50(B),metrics/mAP50-95(B),val/box_loss,val/cls_loss,val/dfl_loss,lr/pg0,lr/pg1,lr/pg2
1,10.4051,2.28022,5.30899,1.46079,0,0,0,0,1.48282,5.10288,0.93686,3.682e-05,3.682e-05,3.682e-05
2,30.8531,1.7941,5.05902,1.06962,0,0,0,0,1.54406,5.07536,0.93511,7.60183e-05,7.60183e-05,7.60183e-05
3,37.0495,1.66063,4.88387,0.96377,0,0,0,0,1.36303,inf,0.87474,0.000114956,0.000114956,0.000114956
4,42.7882,1.58043,4.68424,0.93183,0.0002,0.00049,0.0001,6e-05,1.30019,inf,0.86041,0.000153634,0.000153634,0.000153634
5,56.4445,1.56283,4.52489,0.92946,0.01986,0.07187,0.01391,0.00897,1.35615,inf,0.87914,0.000192051,0.000192051,0.000192051
6,61.6817,1.54074,4.31634,0.92071,0.0336,0.16214,0.02774,0.02128,1.2539,4.4839,0.85615,0.000230208,0.000230208,0.000230208
7,68.4818,1.5372,4.07876,0.92156,0.03553,0.23565,0.03505,0.02396,1.23478,4.07327,0.85657,0.000257793,0.000257793,0.000257793
8,73.3828,1.50579,3.80587,0.91391,0.04172,0.2509,0.03673,0.02563,1.23806,3.74863,0.87589,0.000256925,0.000256925,0.000256925
9,80.8478,1.49759,3.54223,0.91457,0.04317,0.2586,0.03436,0.02293,1.22418,3.24384,0.89018,0.000256057,0.000256057,0.000256057
10,96.2795,1.53776,3.30803,0.9222,0.04747,0.27691,0.04145,0.02915,1.27419,3.04538,0.89397,0.000255189,0.000255189,0.000255189
11,103.789,1.49527,3.0966,0.91413,0.05977,0.28081,0.05277,0.0351,1.31568,3.06687,0.92184,0.000254321,0.000254321,0.000254321
12,109.493,1.48578,2.96439,0.91834,0.05917,0.30011,0.06292,0.04461,1.23637,3.42371,0.93404,0.000253453,0.000253453,0.000253453
13,122.22,1.43461,2.82833,0.91841,0.07953,0.31447,0.07274,0.05138,1.2394,3.25755,0.93611,0.000252585,0.000252585,0.000252585
14,130.925,1.41268,2.73142,0.91938,0.08764,0.35919,0.09077,0.06489,1.26143,2.8812,0.92468,0.000251717,0.000251717,0.000251717
15,138.233,1.43752,2.66925,0.91223,0.1062,0.30329,0.08634,0.05986,1.26759,2.91643,0.94811,0.000250849,0.000250849,0.000250849
16,144.707,1.43421,2.59349,0.91608,0.10159,0.40335,0.11773,0.07982,1.27962,2.61947,0.90577,0.000249981,0.000249981,0.000249981
17,158.027,1.39937,2.52887,0.91336,0.15666,0.27631,0.1478,0.10475,1.23294,2.41244,0.90192,0.000249114,0.000249114,0.000249114
18,168.491,1.34094,2.46059,0.91017,0.14717,0.34101,0.16874,0.11848,1.16165,2.32691,0.90674,0.000248246,0.000248246,0.000248246
19,176.781,1.39487,2.43854,0.91178,0.19864,0.29844,0.19836,0.1465,1.16401,2.24025,0.87786,0.000247378,0.000247378,0.000247378
20,184.385,1.35886,2.38599,0.90855,0.20316,0.27832,0.20161,0.14723,1.1051,2.21714,0.88981,0.00024651,0.00024651,0.00024651
21,189.939,1.37168,2.33861,0.91268,0.22549,0.29778,0.22159,0.16085,1.15951,2.15362,0.89911,0.000245642,0.000245642,0.000245642
22,195.283,1.33903,2.29585,0.90565,0.24258,0.30154,0.22041,0.14696,1.30785,2.17806,0.9418,0.000244774,0.000244774,0.000244774
23,205.133,1.35629,2.26418,0.90748,0.27031,0.32714,0.23701,0.17183,1.11363,2.11132,0.87621,0.000243906,0.000243906,0.000243906
24,214.386,1.3406,2.2223,0.90942,0.27969,0.32765,0.26508,0.19071,1.11812,2.07297,0.88892,0.000243038,0.000243038,0.000243038
25,228.603,1.35571,2.20563,0.90996,0.25704,0.32303,0.2528,0.16756,1.20788,2.09105,0.93115,0.00024217,0.00024217,0.00024217
26,237.309,1.3232,2.17458,0.89829,0.29906,0.36685,0.29145,0.22109,1.03898,1.97412,0.85862,0.000241302,0.000241302,0.000241302
27,249.32,1.30724,2.14138,0.908,0.32536,0.37585,0.30357,0.22345,1.08808,1.93911,0.87345,0.000240435,0.000240435,0.000240435
28,260.136,1.31794,2.1191,0.90867,0.31824,0.36846,0.32132,0.24088,1.08024,1.93831,0.85808,0.000239567,0.000239567,0.000239567
29,270.013,1.30555,2.09499,0.89898,0.34559,0.3465,0.31864,0.232,1.10605,1.9385,0.87208,0.000238699,0.000238699,0.000238699
30,276.48,1.27724,2.04737,0.90002,0.32639,0.38252,0.34616,0.24945,1.12271,1.87152,0.86766,0.000237831,0.000237831,0.000237831
31,282.087,1.26912,2.04131,0.89574,0.36146,0.36374,0.35205,0.23409,1.36052,1.88067,0.91446,0.000236963,0.000236963,0.000236963
32,288.779,1.29985,2.02109,0.90405,0.34266,0.4018,0.34663,0.22187,1.41915,1.89066,0.92085,0.000236095,0.000236095,0.000236095
33,294.409,1.28563,1.97206,0.90031,0.36559,0.41865,0.38618,0.28035,1.08064,1.79536,0.87118,0.000235227,0.000235227,0.000235227
34,298.484,1.23907,1.94551,0.89314,0.4052,0.39996,0.40793,0.28924,1.10327,1.76682,0.89679,0.000234359,0.000234359,0.000234359
35,304.231,1.2596,1.93296,0.90081,0.40085,0.39778,0.39419,0.2761,1.20564,1.79243,0.87647,0.000233491,0.000233491,0.000233491
36,310.417,1.28753,1.93684,0.89637,0.40172,0.42231,0.41989,0.29799,1.11913,1.73533,0.87677,0.000232623,0.000232623,0.000232623
37,316.682,1.27423,1.92506,0.89105,0.45517,0.42467,0.43778,0.3155,1.10507,1.68363,0.8824,0.000231756,0.000231756,0.000231756
38,322.546,1.24713,1.85326,0.89976,0.43123,0.42691,0.4359,0.2965,1.21341,1.69384,0.89369,0.000230888,0.000230888,0.000230888
39,328.083,1.28567,1.85946,0.89751,0.46373,0.44977,0.45948,0.32529,1.14319,1.66451,0.88659,0.00023002,0.00023002,0.00023002
40,337.473,1.23945,1.81454,0.89914,0.45069,0.44393,0.44699,0.33145,1.04165,1.68126,0.85235,0.000229152,0.000229152,0.000229152
41,353.778,1.25802,1.82594,0.88989,0.48634,0.4178,0.4516,0.3044,1.24931,1.68357,0.88903,0.000228284,0.000228284,0.000228284
42,361.162,1.23664,1.78167,0.89223,0.48864,0.45153,0.48735,0.35453,1.0808,1.62667,0.86903,0.000227416,0.000227416,0.000227416
43,368.811,1.23209,1.78492,0.89509,0.53299,0.44543,0.50068,0.35274,1.14613,1.58316,0.87758,0.000226548,0.000226548,0.000226548
44,376.627,1.22955,1.76403,0.89071,0.52401,0.45873,0.50873,0.37114,1.05275,1.56763,0.85858,0.00022568,0.00022568,0.00022568
45,385.436,1.22582,1.72895,0.88811,0.50826,0.46603,0.5119,0.37297,1.05776,1.54913,0.86764,0.000224812,0.000224812,0.000224812
46,397.463,1.24077,1.73559,0.88675,0.52026,0.47651,0.52642,0.38459,1.05239,1.49943,0.85648,0.000223945,0.000223945,0.000223945
47,406.485,1.22413,1.71151,0.88742,0.50791,0.50114,0.54165,0.40302,0.99898,1.46804,0.84609,0.000223077,0.000223077,0.000223077
48,413.145,1.21317,1.70377,0.88691,0.54919,0.47869,0.55052,0.41283,0.98367,1.46943,0.85523,0.000222209,0.000222209,0.000222209
49,426.403,1.19012,1.65683,0.88659,0.54667,0.47541,0.53202,0.37953,1.10558,1.49495,0.89579,0.000221341,0.000221341,0.000221341
50,433.439,1.22973,1.69135,0.88654,0.53085,0.49274,0.54555,0.3745,1.16309,1.48459,0.87997,0.000220473,0.000220473,0.000220473
51,439.021,1.19023,1.64701,0.8837,0.5605,0.49754,0.56209,0.4002,1.10148,1.4356,0.87256,0.000219605,0.000219605,0.000219605
52,460.653,1.20281,1.6209,0.88729,0.54176,0.50057,0.54393,0.37335,1.19811,1.52908,0.90584,0.000218737,0.000218737,0.000218737
53,479.039,1.18274,1.61008,0.88965,0.57396,0.51563,0.57777,0.43278,0.98482,1.41076,0.85889,0.000217869,0.000217869,0.000217869
54,489.577,1.16665,1.56868,0.87987,0.55167,0.51556,0.57647,0.4369,0.94776,1.39776,0.83871,0.000217001,0.000217001,0.000217001
55,495.438,1.17507,1.56074,0.88571,0.59014,0.49895,0.58265,0.4349,0.97036,1.41457,0.84019,0.000216133,0.000216133,0.000216133
56,519.661,1.19136,1.57214,0.88522,0.60778,0.48137,0.58274,0.43367,0.99702,1.41682,0.85005,0.000215266,0.000215266,0.000215266
57,538.875,1.19817,1.56727,0.8853,0.57943,0.52994,0.59494,0.43997,0.99412,1.34833,0.84149,0.000214398,0.000214398,0.000214398
58,549.102,1.16662,1.53095,0.88363,0.59236,0.50859,0.57906,0.38558,1.19993,1.40936,0.88522,0.00021353,0.00021353,0.00021353
59,558.013,1.16877,1.52151,0.88734,0.57339,0.53809,0.58992,0.4402,1.00691,1.3815,0.85029,0.000212662,0.000212662,0.000212662
60,563.411,1.13525,1.50284,0.87676,0.62972,0.51101,0.59801,0.44132,1.02371,1.34959,0.88278,0.000211794,0.000211794,0.000211794
61,573.759,1.19855,1.52737,0.88349,0.6111,0.56663,0.62833,0.47606,0.94466,1.29842,0.84553,0.000210926,0.000210926,0.000210926
62,581.542,1.17922,1.48539,0.88352,0.64104,0.55732,0.63271,0.4775,0.94379,1.28856,0.83802,0.000210058,0.000210058,0.000210058
63,599.211,1.16606,1.49084,0.87937,0.64602,0.55102,0.63561,0.4685,0.99139,1.27787,0.84798,0.00020919,0.00020919,0.00020919
64,619.989,1.15026,1.46784,0.88216,0.64795,0.54805,0.63113,0.48205,0.8919,1.27121,0.83043,0.000208322,0.000208322,0.000208322
65,625.294,1.16402,1.46669,0.88346,0.63884,0.54311,0.63604,0.46231,1.01572,1.25886,0.86073,0.000207454,0.000207454,0.000207454
66,631.173,1.15459,1.45288,0.88018,0.66834,0.53221,0.63539,0.4701,0.97904,1.26435,0.86202,0.000206586,0.000206586,0.000206586
67,642.504,1.15538,1.42164,0.87985,0.64454,0.55254,0.6382,0.48615,0.91749,1.27678,0.83484,0.000205719,0.000205719,0.000205719
68,648.135,1.1651,1.41936,0.88399,0.70067,0.50902,0.63775,0.49152,0.89567,1.26133,0.83257,0.000204851,0.000204851,0.000204851
69,666.407,1.10983,1.39817,0.87205,0.68458,0.54798,0.66384,0.4877,0.98746,1.21419,0.85123,0.000203983,0.000203983,0.000203983
70,681.515,1.13488,1.3994,0.87791,0.68122,0.57297,0.6761,0.47706,1.07501,1.19865,0.87771,0.000203115,0.000203115,0.000203115
71,698.305,1.14655,1.41184,0.87584,0.65867,0.57215,0.65883,0.45388,1.11301,1.22126,0.8793,0.000202247,0.000202247,0.000202247
72,720.383,1.12853,1.39726,0.87665,0.65496,0.58858,0.67603,0.49457,0.99855,1.21177,0.86072,0.000201379,0.000201379,0.000201379
73,734.693,1.14635,1.37833,0.87662,0.65887,0.58046,0.67513,0.509,0.94812,1.19225,0.84278,0.000200511,0.000200511,0.000200511
74,740.427,1.13467,1.36438,0.87901,0.63627,0.57143,0.65393,0.46466,1.07715,1.26178,0.87445,0.000199643,0.000199643,0.000199643
75,750.407,1.13052,1.37396,0.87378,0.70559,0.57176,0.68013,0.51412,0.93811,1.18751,0.84627,0.000198775,0.000198775,0.000198775
76,759.312,1.13482,1.36941,0.87703,0.69103,0.5701,0.6795,0.49134,1.02378,1.20795,0.86657,0.000197907,0.000197907,0.000197907
77,768.559,1.12334,1.33687,0.8801,0.66659,0.59994,0.69356,0.45763,1.19611,1.18307,0.89227,0.00019704,0.00019704,0.00019704
78,778.434,1.10955,1.34126,0.87239,0.683,0.58864,0.68265,0.51335,0.94441,1.16105,0.85093,0.000196172,0.000196172,0.000196172
79,786.864,1.11741,1.33858,0.87558,0.6652,0.58228,0.6681,0.44212,1.14732,1.24326,0.91348,0.000195304,0.000195304,0.000195304
80,794.659,1.13624,1.35435,0.87465,0.69459,0.59387,0.69581,0.49346,1.05927,1.18012,0.86815,0.000194436,0.000194436,0.000194436
81,806.088,1.11782,1.31173,0.8749,0.67001,0.61398,0.70148,0.51459,0.9644,1.10943,0.84686,0.000193568,0.000193568,0.000193568
82,811.156,1.10654,1.32589,0.87101,0.70204,0.63832,0.71339,0.52648,0.97433,1.10011,0.85869,0.0001927,0.0001927,0.0001927
83,816.999,1.10673,1.29814,0.8736,0.6984,0.61225,0.70465,0.51872,0.991,1.14893,0.87298,0.000191832,0.000191832,0.000191832
84,828.256,1.09358,1.2874,0.87083,0.6922,0.60437,0.69897,0.50866,1.03656,1.17415,0.87624,0.000190964,0.000190964,0.000190964
85,837.07,1.11404,1.29009,0.87503,0.69069,0.58758,0.6868,0.47527,1.10136,1.23094,0.87542,0.000190096,0.000190096,0.000190096
86,841.586,1.11349,1.28534,0.87374,0.7121,0.60689,0.71633,0.52685,0.97792,1.10084,0.86329,0.000189229,0.000189229,0.000189229
87,856.473,1.11635,1.26707,0.87682,0.6471,0.61645,0.68637,0.50499,0.95841,1.19191,0.84633,0.000188361,0.000188361,0.000188361
88,865.163,1.10558,1.27364,0.87462,0.71896,0.62371,0.73331,0.53564,0.96506,1.05339,0.84676,0.000187493,0.000187493,0.000187493
89,871.216,1.10804,1.27518,0.87015,0.7035,0.6019,0.70864,0.50967,1.02122,1.12662,0.86864,0.000186625,0.000186625,0.000186625
90,884.552,1.08511,1.24422,0.86904,0.70749,0.63709,0.73382,0.52459,1.02527,1.07428,0.8788,0.000185757,0.000185757,0.000185757
91,890.816,1.0863,1.22498,0.86739,0.72524,0.60169,0.71138,0.52678,0.95915,1.13094,0.85455,0.000184889,0.000184889,0.000184889
92,898.274,1.06982,1.23025,0.86397,0.71651,0.64314,0.72958,0.54641,0.93327,1.08183,0.84329,0.000184021,0.000184021,0.000184021
93,906.346,1.06332,1.20306,0.86974,0.6996,0.64474,0.73397,0.51698,1.03132,1.09521,0.87815,0.000183153,0.000183153,0.000183153
94,917.713,1.08379,1.21867,0.86895,0.72563,0.60683,0.72037,0.52017,0.98423,1.11139,0.85803,0.000182285,0.000182285,0.000182285
95,938.797,1.09836,1.25098,0.86745,0.72708,0.62553,0.7341,0.54805,0.94037,1.06196,0.84247,0.000181417,0.000181417,0.000181417
96,956.595,1.08976,1.20467,0.87478,0.72431,0.64815,0.73687,0.55214,0.94826,1.06291,0.85187,0.000180549,0.000180549,0.000180549
97,965.302,1.07952,1.2023,0.86654,0.7429,0.64401,0.74786,0.54304,0.99498,1.05185,0.87392,0.000179682,0.000179682,0.000179682
98,976.654,1.06816,1.17126,0.86992,0.79047,0.62641,0.76158,0.5289,1.08521,1.03566,0.8853,0.000178814,0.000178814,0.000178814
99,987.111,1.0499,1.18063,0.86113,0.76564,0.63623,0.75057,0.55142,0.97396,1.03246,0.86507,0.000177946,0.000177946,0.000177946
100,997.936,1.08098,1.20122,0.86532,0.73228,0.63734,0.74176,0.5588,0.92214,1.04002,0.84823,0.000177078,0.000177078,0.000177078
101,1010.18,1.07563,1.20407,0.86289,0.72722,0.6704,0.7682,0.57462,0.91075,0.99711,0.84565,0.00017621,0.00017621,0.00017621
102,1023.35,1.0744,1.18236,0.86492,0.7502,0.66081,0.76702,0.56713,0.93867,0.99793,0.85585,0.000175342,0.000175342,0.000175342
103,1043.79,1.07365,1.17904,0.86884,0.68437,0.65077,0.72659,0.51392,1.02975,1.11556,0.88794,0.000174474,0.000174474,0.000174474
104,1052.56,1.07141,1.1499,0.87336,0.72526,0.6512,0.75684,0.53238,1.04221,1.03802,0.88854,0.000173606,0.000173606,0.000173606
105,1060.24,1.0715,1.16222,0.86683,0.73603,0.68655,0.77633,0.56789,0.96944,0.99431,0.85926,0.000172738,0.000172738,0.000172738
106,1067.03,1.07415,1.16645,0.86519,0.7305,0.66019,0.75577,0.556,0.94315,1.02363,0.8722,0.000171871,0.000171871,0.000171871
107,1081.67,1.07803,1.1547,0.87449,0.73022,0.65447,0.75558,0.53045,1.04386,1.04306,0.87389,0.000171003,0.000171003,0.000171003
108,1088.33,1.07775,1.16573,0.86506,0.74384,0.66252,0.76302,0.55509,0.98919,1.00835,0.87118,0.000170135,0.000170135,0.000170135
109,1102.63,1.05833,1.14426,0.86688,0.74987,0.68212,0.77213,0.56379,0.96142,0.98612,0.85125,0.000169267,0.000169267,0.000169267
110,1109.29,1.06634,1.13953,0.86845,0.72331,0.69242,0.7704,0.58728,0.86811,0.9714,0.83824,0.000168399,0.000168399,0.000168399
111,1113.93,1.06799,1.16422,0.86327,0.76143,0.65872,0.76447,0.58707,0.85706,0.98814,0.83283,0.000167531,0.000167531,0.000167531
112,1123.39,1.04751,1.15151,0.86018,0.76858,0.65412,0.77394,0.58581,0.90287,0.96975,0.84748,0.000166663,0.000166663,0.000166663
113,1134.49,1.05617,1.1315,0.86191,0.77322,0.66081,0.77701,0.58991,0.90064,0.96954,0.84708,0.000165795,0.000165795,0.000165795
114,1140.79,1.07063,1.13866,0.86898,0.80946,0.63886,0.78002,0.57053,0.99249,0.97936,0.87886,0.000164927,0.000164927,0.000164927
115,1160.41,1.0553,1.1278,0.86056,0.78464,0.69349,0.79197,0.58617,0.95426,0.94695,0.85774,0.000164059,0.000164059,0.000164059
116,1165.8,1.05516,1.13029,0.86803,0.73486,0.707,0.78671,0.58869,0.92541,0.96566,0.85201,0.000163192,0.000163192,0.000163192
117,1181.18,1.06582,1.14515,0.8616,0.74408,0.66494,0.77116,0.58093,0.91327,1.00364,0.84998,0.000162324,0.000162324,0.000162324
118,1189.26,1.03962,1.10815,0.86344,0.7512,0.68238,0.78217,0.58206,0.93433,0.95366,0.84954,0.000161456,0.000161456,0.000161456
119,1203.42,1.03199,1.12859,0.85918,0.74407,0.68718,0.7865,0.58107,0.94976,0.97818,0.84679,0.000160588,0.000160588,0.000160588
120,1220.58,1.04952,1.12708,0.86032,0.78024,0.66604,0.78344,0.58403,0.92084,0.95145,0.84527,0.00015972,0.00015972,0.00015972
121,1230.93,1.06287,1.10534,0.86585,0.7659,0.6795,0.78555,0.57267,0.98675,0.95774,0.87244,0.000158852,0.000158852,0.000158852
122,1234.98,1.03883,1.10377,0.85823,0.76609,0.67499,0.78145,0.58066,0.94011,0.95649,0.85719,0.000157984,0.000157984,0.000157984
123,1240.55,1.03332,1.08753,0.86184,0.81614,0.68973,0.80714,0.61207,0.87582,0.91116,0.8387,0.000157116,0.000157116,0.000157116
124,1252.9,1.04875,1.09569,0.86367,0.77505,0.66395,0.78224,0.59124,0.89756,0.96534,0.84805,0.000156248,0.000156248,0.000156248
125,1265.67,1.05455,1.1142,0.86048,0.79051,0.6574,0.78339,0.58945,0.90107,0.97113,0.84857,0.00015538,0.00015538,0.00015538
126,1275.36,1.02571,1.09146,0.85584,0.76911,0.69325,0.79167,0.59596,0.88435,0.94099,0.84077,0.000154512,0.000154512,0.000154512
127,1284.84,1.03623,1.09338,0.85805,0.7775,0.68966,0.79849,0.604,0.89073,0.9302,0.84417,0.000153645,0.000153645,0.000153645
128,1293.17,1.04056,1.08269,0.86108,0.77248,0.68163,0.78316,0.57594,0.94454,0.97444,0.87266,0.000152777,0.000152777,0.000152777
129,1303.76,1.03652,1.05901,0.86001,0.79291,0.69481,0.80139,0.60424,0.89089,0.90762,0.84587,0.000151909,0.000151909,0.000151909
130,1314.43,1.02981,1.05138,0.86572,0.80624,0.67352,0.79888,0.6039,0.89012,0.92069,0.83903,0.000151041,0.000151041,0.000151041
131,1331.02,1.03433,1.0617,0.86019,0.75965,0.69499,0.80177,0.59969,0.92359,0.91441,0.85079,0.000150173,0.000150173,0.000150173
132,1336.93,1.03993,1.05583,0.8601,0.77993,0.71731,0.81492,0.60819,0.91443,0.89784,0.84431,0.000149305,0.000149305,0.000149305
133,1343.28,1.01884,1.05125,0.86269,0.7533,0.70983,0.80323,0.6212,0.84453,0.91051,0.82945,0.000148437,0.000148437,0.000148437
134,1353.88,1.03381,1.08535,0.85758,0.7685,0.70457,0.79835,0.60901,0.87845,0.92272,0.84155,0.000147569,0.000147569,0.000147569
135,1360.4,1.00769,1.02826,0.85517,0.76515,0.72509,0.81418,0.61225,0.9052,0.89099,0.85238,0.000146701,0.000146701,0.000146701
136,1377.83,1.0368,1.06943,0.85718,0.79464,0.70203,0.81452,0.61264,0.8936,0.88897,0.8401,0.000145834,0.000145834,0.000145834
137,1382.99,1.01865,1.02637,0.85807,0.79331,0.699,0.80729,0.6067,0.88264,0.89561,0.83113,0.000144966,0.000144966,0.000144966
138,1389,1.02651,1.03167,0.8559,0.79343,0.70582,0.80956,0.59418,0.94053,0.89583,0.84784,0.000144098,0.000144098,0.000144098
139,1398.27,1.0147,1.03522,0.85414,0.81879,0.67904,0.8111,0.59127,0.94738,0.90904,0.86092,0.00014323,0.00014323,0.00014323
140,1402.8,1.00642,1.01087,0.86158,0.79862,0.68022,0.80235,0.60268,0.88513,0.92346,0.84189,0.000142362,0.000142362,0.000142362
141,1408.4,1.01737,1.02487,0.85996,0.78715,0.7004,0.81006,0.58892,0.98124,0.92522,0.87021,0.000141494,0.000141494,0.000141494
142,1414.57,1.01613,1.04859,0.85327,0.78568,0.71895,0.81929,0.59599,0.98036,0.89305,0.87036,0.000140626,0.000140626,0.000140626
143,1437.91,0.99607,1.01498,0.85599,0.78962,0.70993,0.8132,0.60763,0.91764,0.89435,0.85041,0.000139758,0.000139758,0.000139758
144,1447.48,1.00443,1.03748,0.85368,0.80637,0.69753,0.80946,0.60407,0.92921,0.90518,0.86362,0.00013889,0.00013889,0.00013889
145,1454.31,1.00863,1.02885,0.85576,0.82064,0.70125,0.81982,0.6145,0.90664,0.87986,0.84638,0.000138022,0.000138022,0.000138022
146,1467.64,1.01283,1.03463,0.85758,0.77942,0.68469,0.80235,0.59751,0.93053,0.92191,0.8544,0.000137154,0.000137154,0.000137154
147,1477.19,1.0362,1.04034,0.86407,0.8058,0.69767,0.81739,0.59155,0.96724,0.88682,0.85883,0.000136287,0.000136287,0.000136287
148,1499.21,0.99752,1.0163,0.85374,0.8124,0.69538,0.81991,0.61876,0.88772,0.87662,0.84174,0.000135419,0.000135419,0.000135419
149,1505.07,1.00143,0.99544,0.8569,0.82015,0.69656,0.82008,0.59518,0.9696,0.8887,0.86586,0.000134551,0.000134551,0.000134551
150,1514.21,1.01431,1.03002,0.85408,0.81518,0.69767,0.81619,0.60724,0.92796,0.89848,0.85831,0.000133683,0.000133683,0.000133683
151,1533.16,1.00808,1.01103,0.85573,0.821,0.6861,0.81413,0.62222,0.87786,0.87099,0.83966,0.000132815,0.000132815,0.000132815
152,1541.59,1.00782,1.00677,0.85426,0.82138,0.68227,0.81021,0.59742,0.94817,0.91015,0.85674,0.000131947,0.000131947,0.000131947
153,1547.33,1.00527,0.97593,0.85685,0.8214,0.71125,0.82348,0.60826,0.93879,0.87032,0.8578,0.000131079,0.000131079,0.000131079
154,1553.33,1.02289,1.02075,0.8536,0.81732,0.71984,0.82266,0.60446,0.93419,0.87364,0.85356,0.000130211,0.000130211,0.000130211
155,1561.02,1.01853,1.0048,0.85759,0.81788,0.70549,0.82392,0.60014,0.95959,0.8703,0.85435,0.000129343,0.000129343,0.000129343
156,1568.5,0.97352,0.97537,0.84885,0.82096,0.71854,0.82424,0.63219,0.84168,0.85106,0.82999,0.000128475,0.000128475,0.000128475
157,1585.63,1.0008,1.00677,0.85417,0.79408,0.72142,0.82796,0.63398,0.86011,0.85427,0.83285,0.000127608,0.000127608,0.000127608
158,1593.58,1.0169,1.02182,0.8531,0.80487,0.71033,0.82011,0.60956,0.91601,0.87586,0.84742,0.00012674,0.00012674,0.00012674
159,1599.22,0.99366,0.98573,0.85384,0.82321,0.70393,0.82583,0.60078,0.97243,0.86637,0.86777,0.000125872,0.000125872,0.000125872
160,1613.94,0.98314,0.97601,0.85298,0.82543,0.70521,0.82857,0.60423,0.96266,0.86738,0.85702,0.000125004,0.000125004,0.000125004
161,1619.7,1.00177,0.99206,0.85796,0.83239,0.71857,0.83092,0.62469,0.91163,0.84285,0.84491,0.000124136,0.000124136,0.000124136
162,1626.94,0.97624,0.96987,0.85155,0.82711,0.71684,0.83131,0.615,0.93553,0.84915,0.86176,0.000123268,0.000123268,0.000123268
163,1634.42,1.01644,0.99544,0.85218,0.80507,0.70654,0.81789,0.59511,0.9692,0.88292,0.87661,0.0001224,0.0001224,0.0001224
164,1647.19,0.99293,0.99087,0.85388,0.83135,0.696,0.82436,0.62208,0.89489,0.86234,0.84405,0.000121532,0.000121532,0.000121532
165,1655.66,0.97435,0.97812,0.85103,0.81962,0.71575,0.83371,0.63183,0.88428,0.84377,0.84803,0.000120664,0.000120664,0.000120664
166,1671.06,0.99164,0.9866,0.85304,0.82882,0.70228,0.8231,0.62635,0.86641,0.86769,0.83955,0.000119796,0.000119796,0.000119796
167,1678.43,0.96111,0.96536,0.84665,0.80391,0.70246,0.82112,0.61774,0.89148,0.87294,0.85136,0.000118929,0.000118929,0.000118929
168,1685.12,0.98937,0.97342,0.85225,0.81018,0.73216,0.83598,0.63501,0.87487,0.83162,0.84411,0.000118061,0.000118061,0.000118061
169,1695.59,0.99413,0.98561,0.85161,0.83159,0.72682,0.83851,0.6371,0.87401,0.8212,0.83769,0.000117193,0.000117193,0.000117193
170,1701.32,0.99342,1.006,0.85171,0.82542,0.7099,0.82529,0.58668,1.01203,0.89029,0.87905,0.000116325,0.000116325,0.000116325
171,1714.12,0.97879,0.95438,0.85268,0.8128,0.74233,0.83328,0.61609,0.93063,0.84477,0.85853,0.000115457,0.000115457,0.000115457
172,1728.26,0.99452,0.99271,0.84994,0.82883,0.72671,0.83851,0.62272,0.9243,0.84157,0.8448,0.000114589,0.000114589,0.000114589
173,1747.55,0.98277,0.95974,0.8556,0.83852,0.70597,0.82937,0.60089,0.97957,0.86869,0.86137,0.000113721,0.000113721,0.000113721
174,1755.66,0.97862,0.95894,0.85142,0.81993,0.7164,0.82831,0.62065,0.91192,0.86175,0.84958,0.000112853,0.000112853,0.000112853
175,1766.74,0.9708,0.94526,0.85218,0.82517,0.7279,0.83984,0.61994,0.92889,0.83681,0.84647,0.000111985,0.000111985,0.000111985
176,1781.52,0.98777,0.97457,0.85175,0.82001,0.71716,0.8323,0.60139,0.9634,0.85932,0.87313,0.000111117,0.000111117,0.000111117
177,1798.29,0.97279,0.96099,0.85121,0.83407,0.72944,0.8359,0.64516,0.83762,0.82608,0.83307,0.00011025,0.00011025,0.00011025
178,1805.52,0.97794,0.96603,0.85209,0.83769,0.72273,0.84317,0.63612,0.89368,0.83098,0.8445,0.000109382,0.000109382,0.000109382
179,1816.46,0.98064,0.95534,0.85312,0.81292,0.73055,0.83741,0.60662,0.96018,0.84852,0.86773,0.000108514,0.000108514,0.000108514
180,1824.13,0.96519,0.93643,0.85082,0.84225,0.73505,0.84811,0.63308,0.91407,0.81072,0.85445,0.000107646,0.000107646,0.000107646
181,1839.3,0.99519,0.9725,0.85255,0.8343,0.72145,0.84031,0.61386,0.96098,0.83516,0.8687,0.000106778,0.000106778,0.000106778
182,1853.45,0.98529,0.94555,0.85822,0.80014,0.73112,0.83002,0.59621,0.98699,0.85875,0.87451,0.00010591,0.00010591,0.00010591
183,1865.65,0.96859,0.93625,0.8519,0.83143,0.71685,0.8339,0.62703,0.89964,0.84377,0.8523,0.000105042,0.000105042,0.000105042
184,1875.69,0.97341,0.93195,0.85345,0.83316,0.71347,0.83712,0.63611,0.87517,0.83326,0.84103,0.000104174,0.000104174,0.000104174
185,1885.52,0.96904,0.93933,0.85295,0.83483,0.72652,0.83884,0.60454,0.96267,0.83475,0.86213,0.000103306,0.000103306,0.000103306
186,1893.68,0.98518,0.94654,0.85352,0.81545,0.72123,0.83144,0.5708,1.05499,0.87142,0.89757,0.000102438,0.000102438,0.000102438
187,1917.31,0.98357,0.94916,0.84958,0.84801,0.71609,0.84408,0.62602,0.93092,0.83115,0.86113,0.000101571,0.000101571,0.000101571
188,1928.37,0.99851,0.95301,0.85734,0.83532,0.71877,0.83993,0.60468,0.98961,0.84808,0.87684,0.000100703,0.000100703,0.000100703
189,1934.25,0.95725,0.92884,0.85085,0.84737,0.72795,0.84562,0.63254,0.91157,0.81996,0.85352,9.98348e-05,9.98348e-05,9.98348e-05
190,1952.43,0.9572,0.91433,0.85018,0.83983,0.72756,0.84424,0.64161,0.87869,0.81153,0.8464,9.89669e-05,9.89669e-05,9.89669e-05
191,1964.26,0.97244,0.94958,0.8454,0.82316,0.7401,0.84634,0.62612,0.93,0.82005,0.85372,9.8099e-05,9.8099e-05,9.8099e-05
192,1967.61,0.94088,0.94291,0.84242,0.82308,0.73665,0.84599,0.61344,0.96708,0.82035,0.87533,9.72311e-05,9.72311e-05,9.72311e-05
193,1972.96,0.96615,0.92387,0.85277,0.82658,0.71478,0.83412,0.62686,0.90929,0.85083,0.8543,9.63632e-05,9.63632e-05,9.63632e-05
194,1987.01,0.94102,0.91725,0.84718,0.85869,0.7365,0.85588,0.64877,0.88694,0.7885,0.84501,9.54953e-05,9.54953e-05,9.54953e-05
195,1997.99,0.95658,0.92095,0.84768,0.82334,0.74164,0.84363,0.63045,0.92835,0.82661,0.85806,9.46274e-05,9.46274e-05,9.46274e-05
196,2010.86,0.94176,0.90819,0.84557,0.82514,0.74414,0.84866,0.6168,0.97236,0.82378,0.88171,9.37595e-05,9.37595e-05,9.37595e-05
197,2017.76,0.94952,0.91038,0.84459,0.84145,0.74862,0.85356,0.63038,0.93751,0.79569,0.87031,9.28916e-05,9.28916e-05,9.28916e-05
198,2064.14,0.96405,0.93376,0.85005,0.82573,0.71672,0.84041,0.61765,0.94857,0.84476,0.8694,9.20237e-05,9.20237e-05,9.20237e-05
199,2077.78,0.98103,0.9438,0.84662,0.82143,0.74404,0.84702,0.64008,0.88785,0.81168,0.84901,9.11558e-05,9.11558e-05,9.11558e-05
200,2083.55,0.96555,0.93225,0.8498,0.82333,0.7385,0.84593,0.63478,0.90217,0.82389,0.85257,9.02879e-05,9.02879e-05,9.02879e-05
201,2095.65,0.95348,0.92839,0.84571,0.81989,0.75128,0.85117,0.64202,0.89081,0.8093,0.84324,8.942e-05,8.942e-05,8.942e-05
202,2101.86,0.95394,0.91643,0.84279,0.82664,0.74925,0.85009,0.64093,0.90118,0.80784,0.84769,8.85521e-05,8.85521e-05,8.85521e-05
203,2107.46,0.95576,0.91312,0.8489,0.83226,0.73703,0.8466,0.63291,0.91128,0.81861,0.85246,8.76842e-05,8.76842e-05,8.76842e-05
204,2115.75,0.95324,0.9205,0.84876,0.80295,0.75595,0.84718,0.64151,0.87987,0.81519,0.84187,8.68163e-05,8.68163e-05,8.68163e-05
205,2120.39,0.94419,0.90079,0.85303,0.83533,0.75936,0.85825,0.64706,0.88142,0.78708,0.83778,8.59484e-05,8.59484e-05,8.59484e-05
206,2129.75,0.95356,0.91777,0.8453,0.83851,0.73175,0.84903,0.63396,0.89996,0.8134,0.85376,8.50805e-05,8.50805e-05,8.50805e-05
207,2135.48,0.93227,0.87566,0.84717,0.84333,0.72835,0.85085,0.64216,0.88512,0.81028,0.84143,8.42126e-05,8.42126e-05,8.42126e-05
208,2150.01,0.9529,0.91163,0.8469,0.83258,0.7491,0.85411,0.63315,0.91537,0.80953,0.85231,8.33447e-05,8.33447e-05,8.33447e-05
209,2156.84,0.96036,0.91733,0.84606,0.82472,0.73281,0.84533,0.62833,0.91576,0.82663,0.85481,8.24768e-05,8.24768e-05,8.24768e-05
210,2162.23,0.95277,0.89723,0.84575,0.81778,0.74903,0.85076,0.64259,0.88558,0.80307,0.84334,8.16089e-05,8.16089e-05,8.16089e-05
211,2167.52,0.93944,0.87215,0.84938,0.83214,0.74736,0.85417,0.64676,0.88772,0.79957,0.84299,8.0741e-05,8.0741e-05,8.0741e-05
212,2186.16,0.96097,0.91296,0.85016,0.83529,0.7356,0.85151,0.63523,0.91169,0.81683,0.86127,7.98731e-05,7.98731e-05,7.98731e-05
213,2190.48,0.95383,0.89769,0.85638,0.83983,0.7438,0.85112,0.6247,0.93341,0.81466,0.86126,7.90052e-05,7.90052e-05,7.90052e-05
214,2198.28,0.9644,0.89548,0.84988,0.84761,0.73517,0.85748,0.63176,0.93902,0.79976,0.8599,7.81373e-05,7.81373e-05,7.81373e-05
215,2205.9,0.95083,0.88611,0.85061,0.83948,0.73746,0.85915,0.61329,1.001,0.80966,0.88676,7.72694e-05,7.72694e-05,7.72694e-05
216,2215.69,0.95513,0.90079,0.84773,0.83383,0.74632,0.85551,0.63607,0.92486,0.80406,0.85387,7.64015e-05,7.64015e-05,7.64015e-05
217,2222.71,0.94496,0.89334,0.85131,0.84421,0.72657,0.8498,0.65122,0.86452,0.80371,0.83602,7.55336e-05,7.55336e-05,7.55336e-05
218,2228.54,0.93632,0.87981,0.84819,0.82816,0.74398,0.84708,0.64782,0.85903,0.80059,0.83472,7.46657e-05,7.46657e-05,7.46657e-05
219,2232.38,0.94805,0.87966,0.85056,0.8336,0.74605,0.85169,0.65095,0.85071,0.79973,0.83317,7.37978e-05,7.37978e-05,7.37978e-05
220,2259.46,0.93967,0.89988,0.84641,0.84388,0.73051,0.85075,0.64736,0.87532,0.8058,0.84542,7.29299e-05,7.29299e-05,7.29299e-05
221,2273.78,0.94477,0.88481,0.84727,0.82242,0.7417,0.84149,0.62834,0.91205,0.82268,0.84879,7.2062e-05,7.2062e-05,7.2062e-05
222,2284.58,0.93596,0.88606,0.84772,0.82955,0.75368,0.8551,0.63996,0.90099,0.78971,0.84779,7.11941e-05,7.11941e-05,7.11941e-05
223,2291.86,0.93822,0.88735,0.84768,0.83446,0.73325,0.84792,0.62439,0.92853,0.82205,0.86444,7.03262e-05,7.03262e-05,7.03262e-05
224,2310.17,0.9329,0.90621,0.84272,0.84741,0.7438,0.85497,0.64887,0.88264,0.79152,0.84761,6.94583e-05,6.94583e-05,6.94583e-05
225,2322.09,0.93567,0.87396,0.84544,0.84687,0.72021,0.84625,0.63309,0.91572,0.82961,0.8576,6.85904e-05,6.85904e-05,6.85904e-05
226,2331.12,0.92758,0.87394,0.84496,0.84125,0.73786,0.84954,0.64216,0.88935,0.81378,0.84729,6.77225e-05,6.77225e-05,6.77225e-05
227,2341.41,0.93922,0.89781,0.84412,0.84312,0.73471,0.855,0.6434,0.88597,0.79261,0.84741,6.68546e-05,6.68546e-05,6.68546e-05
228,2347.84,0.94597,0.88757,0.84448,0.81325,0.76388,0.85161,0.64198,0.89422,0.79847,0.84602,6.59867e-05,6.59867e-05,6.59867e-05
229,2353.89,0.93293,0.87451,0.8446,0.8219,0.75708,0.85389,0.64377,0.89793,0.79761,0.84469,6.51188e-05,6.51188e-05,6.51188e-05
230,2359.56,0.93953,0.88554,0.84788,0.83908,0.76734,0.86624,0.6521,0.89301,0.77033,0.84479,6.42509e-05,6.42509e-05,6.42509e-05
231,2375.09,0.94846,0.87585,0.85226,0.85426,0.73441,0.85374,0.63484,0.92109,0.80113,0.84943,6.3383e-05,6.3383e-05,6.3383e-05
232,2380.97,0.95269,0.88282,0.84924,0.82913,0.75225,0.85635,0.63977,0.91029,0.79034,0.85018,6.25151e-05,6.25151e-05,6.25151e-05
233,2395.9,0.93951,0.87195,0.84277,0.82328,0.76563,0.85846,0.65284,0.87005,0.77971,0.839,6.16472e-05,6.16472e-05,6.16472e-05
234,2428.45,0.92927,0.87529,0.84597,0.82925,0.7469,0.85238,0.6443,0.88835,0.80648,0.84309,6.07793e-05,6.07793e-05,6.07793e-05
235,2434.01,0.93193,0.87266,0.84424,0.83211,0.75959,0.86186,0.65208,0.88468,0.78088,0.84125,5.99114e-05,5.99114e-05,5.99114e-05
236,2437.57,0.92431,0.85068,0.84329,0.82434,0.74287,0.85039,0.64611,0.87934,0.80578,0.84166,5.90435e-05,5.90435e-05,5.90435e-05
237,2442.54,0.94081,0.86937,0.84756,0.85409,0.75247,0.86669,0.65962,0.86599,0.7619,0.83917,5.81756e-05,5.81756e-05,5.81756e-05
238,2450.78,0.92502,0.87627,0.84138,0.83446,0.741,0.85242,0.65372,0.84959,0.79438,0.83538,5.73077e-05,5.73077e-05,5.73077e-05
239,2466.86,0.92751,0.87083,0.84154,0.84461,0.75435,0.86558,0.66368,0.84979,0.75828,0.83272,5.64398e-05,5.64398e-05,5.64398e-05
240,2473.07,0.93568,0.88211,0.84813,0.84138,0.74539,0.86086,0.65978,0.84584,0.76813,0.83267,5.55719e-05,5.55719e-05,5.55719e-05
241,2478.69,0.91584,0.85173,0.84714,0.83758,0.75784,0.86031,0.64614,0.88177,0.77846,0.84182,5.4704e-05,5.4704e-05,5.4704e-05
242,2496.49,0.93263,0.88429,0.84412,0.84879,0.74164,0.86073,0.6498,0.88577,0.78453,0.84665,5.38361e-05,5.38361e-05,5.38361e-05
243,2500.66,0.93871,0.88109,0.84463,0.83345,0.75468,0.85708,0.63819,0.91849,0.78929,0.85075,5.29682e-05,5.29682e-05,5.29682e-05
244,2507.65,0.92996,0.86376,0.84713,0.82223,0.77452,0.8635,0.63974,0.92226,0.77594,0.85367,5.21003e-05,5.21003e-05,5.21003e-05
245,2517.57,0.92471,0.85947,0.84375,0.82599,0.7536,0.85515,0.64363,0.89537,0.79222,0.84573,5.12324e-05,5.12324e-05,5.12324e-05
246,2525.78,0.92737,0.87136,0.84542,0.84754,0.73972,0.8609,0.65511,0.86721,0.77425,0.83843,5.03645e-05,5.03645e-05,5.03645e-05
247,2539.98,0.92811,0.85907,0.84818,0.83281,0.75877,0.86394,0.64004,0.9163,0.77801,0.85088,4.94966e-05,4.94966e-05,4.94966e-05
248,2545.52,0.92247,0.86779,0.8421,0.84685,0.75461,0.86408,0.64884,0.88998,0.77445,0.84696,4.86287e-05,4.86287e-05,4.86287e-05
249,2560.22,0.92898,0.84908,0.84667,0.86207,0.75916,0.87142,0.6593,0.87917,0.75753,0.8443,4.77608e-05,4.77608e-05,4.77608e-05
250,2564.38,0.90542,0.845,0.84174,0.85024,0.75351,0.8667,0.64651,0.90881,0.77839,0.85856,4.68929e-05,4.68929e-05,4.68929e-05
251,2580.66,0.94359,0.88025,0.84472,0.84576,0.75424,0.85982,0.64929,0.89154,0.78234,0.84432,4.6025e-05,4.6025e-05,4.6025e-05
252,2586.44,0.91254,0.84568,0.84243,0.82643,0.77085,0.86287,0.65741,0.87488,0.76795,0.84255,4.51571e-05,4.51571e-05,4.51571e-05
253,2596.72,0.93138,0.87418,0.84044,0.8502,0.74453,0.858,0.65677,0.85525,0.78088,0.83581,4.42892e-05,4.42892e-05,4.42892e-05
254,2615.64,0.92105,0.86726,0.84478,0.85093,0.74516,0.85825,0.65507,0.86297,0.77881,0.83468,4.34213e-05,4.34213e-05,4.34213e-05
255,2630.52,0.91346,0.86153,0.8414,0.84695,0.75889,0.86564,0.65728,0.87016,0.76431,0.84135,4.25534e-05,4.25534e-05,4.25534e-05
256,2639.78,0.91858,0.85569,0.84181,0.84693,0.74559,0.86086,0.64746,0.88657,0.78057,0.84978,4.16855e-05,4.16855e-05,4.16855e-05
257,2647.92,0.92216,0.8528,0.84184,0.8284,0.74839,0.85549,0.64975,0.87007,0.78417,0.83839,4.08176e-05,4.08176e-05,4.08176e-05
258,2664.17,0.92396,0.84643,0.85011,0.82285,0.76457,0.86112,0.65217,0.87346,0.77191,0.83935,3.99497e-05,3.99497e-05,3.99497e-05
259,2673.5,0.92537,0.86458,0.83972,0.84318,0.76125,0.86643,0.65996,0.85513,0.75993,0.8361,3.90818e-05,3.90818e-05,3.90818e-05
260,2679.09,0.92636,0.85351,0.84515,0.84348,0.74866,0.8607,0.65118,0.87561,0.78024,0.84246,3.82139e-05,3.82139e-05,3.82139e-05
261,2699.69,0.92631,0.86909,0.84276,0.84423,0.75528,0.86323,0.65507,0.87776,0.76838,0.84431,3.7346e-05,3.7346e-05,3.7346e-05
262,2717.26,0.92348,0.85038,0.84244,0.85321,0.756,0.86789,0.66009,0.86754,0.75795,0.83862,3.64781e-05,3.64781e-05,3.64781e-05
263,2723.21,0.92941,0.84178,0.84543,0.86695,0.74176,0.86532,0.65523,0.87623,0.76781,0.83877,3.56102e-05,3.56102e-05,3.56102e-05
264,2728.93,0.92255,0.85662,0.84217,0.84615,0.75736,0.8623,0.65178,0.88159,0.7728,0.84198,3.47423e-05,3.47423e-05,3.47423e-05
265,2746,0.91735,0.83736,0.84116,0.85342,0.74996,0.86274,0.65287,0.8761,0.77233,0.83819,3.38744e-05,3.38744e-05,3.38744e-05
266,2753.55,0.93019,0.84558,0.84548,0.84963,0.74982,0.8645,0.64827,0.89393,0.77333,0.84438,3.30065e-05,3.30065e-05,3.30065e-05
267,2769.82,0.92156,0.85799,0.83869,0.8423,0.76548,0.8681,0.65075,0.89174,0.76247,0.84669,3.21386e-05,3.21386e-05,3.21386e-05
268,2777.94,0.91994,0.83343,0.84418,0.86841,0.73292,0.86526,0.64467,0.90863,0.77631,0.85196,3.12707e-05,3.12707e-05,3.12707e-05
269,2793.58,0.90742,0.83012,0.84149,0.85469,0.73101,0.85794,0.64425,0.89774,0.7907,0.84733,3.04028e-05,3.04028e-05,3.04028e-05
270,2799.33,0.90823,0.83917,0.84196,0.86119,0.73247,0.86102,0.64711,0.89474,0.78148,0.84535,2.95349e-05,2.95349e-05,2.95349e-05
271,2809.62,0.89588,0.83264,0.84439,0.82422,0.78021,0.86827,0.64738,0.91393,0.7707,0.85131,2.8667e-05,2.8667e-05,2.8667e-05
272,2815.5,0.92681,0.86351,0.84256,0.8348,0.77311,0.86775,0.65159,0.89735,0.76728,0.8482,2.77991e-05,2.77991e-05,2.77991e-05
273,2821.24,0.90842,0.84609,0.83989,0.83727,0.76151,0.86177,0.65059,0.88957,0.77824,0.84714,2.69312e-05,2.69312e-05,2.69312e-05
274,2838.86,0.93149,0.86311,0.84393,0.8413,0.75484,0.86066,0.64637,0.89834,0.78445,0.85074,2.60633e-05,2.60633e-05,2.60633e-05
275,2854.27,0.92366,0.86676,0.84191,0.83152,0.75963,0.8616,0.64756,0.89414,0.77664,0.84949,2.51954e-05,2.51954e-05,2.51954e-05
276,2865.42,0.90364,0.83957,0.83826,0.82617,0.76601,0.8614,0.64718,0.89393,0.77491,0.84744,2.43275e-05,2.43275e-05,2.43275e-05
277,2881.77,0.91365,0.83678,0.8424,0.85275,0.74109,0.86096,0.6497,0.88217,0.77364,0.84283,2.34596e-05,2.34596e-05,2.34596e-05
278,2897.95,0.91945,0.84903,0.84232,0.81541,0.77793,0.86285,0.64992,0.893,0.77463,0.84708,2.25917e-05,2.25917e-05,2.25917e-05
279,2908.66,0.90555,0.84458,0.83877,0.82905,0.77124,0.86515,0.65444,0.87477,0.76795,0.8394,2.17238e-05,2.17238e-05,2.17238e-05
280,14.9892,0.94351,0.8605,0.84752,0.83043,0.7727,0.86576,0.65304,0.88199,0.76634,0.84091,2.08559e-05,2.08559e-05,2.08559e-05
281,33.3817,0.90567,0.8322,0.84229,0.84154,0.76058,0.86691,0.65951,0.86498,0.76133,0.83623,1.9988e-05,1.9988e-05,1.9988e-05
282,36.9935,0.9147,0.85612,0.83784,0.82246,0.78246,0.87015,0.66407,0.85729,0.7518,0.83335,1.91201e-05,1.91201e-05,1.91201e-05
283,42.9288,0.91127,0.8495,0.83781,0.82597,0.784,0.86901,0.66271,0.85597,0.75169,0.83213,1.82522e-05,1.82522e-05,1.82522e-05
284,55.8861,0.9221,0.83252,0.84563,0.83897,0.76352,0.86566,0.65994,0.85894,0.76295,0.83493,1.73843e-05,1.73843e-05,1.73843e-05
285,62.033,0.91107,0.8369,0.83908,0.82907,0.7713,0.86427,0.65812,0.86201,0.76709,0.83737,1.65164e-05,1.65164e-05,1.65164e-05
286,67.8408,0.92448,0.85326,0.84691,0.82135,0.77512,0.86437,0.65323,0.87547,0.76767,0.84065,1.56485e-05,1.56485e-05,1.56485e-05
287,73.7001,0.89115,0.84531,0.84014,0.8339,0.7586,0.86284,0.65224,0.87344,0.77542,0.83986,1.47806e-05,1.47806e-05,1.47806e-05
288,81.9472,0.89945,0.82573,0.83694,0.82696,0.76672,0.86257,0.64975,0.88058,0.77634,0.84057,1.39127e-05,1.39127e-05,1.39127e-05
289,95.9093,0.91313,0.84763,0.8401,0.8305,0.77116,0.86533,0.65361,0.87698,0.76689,0.83986,1.30448e-05,1.30448e-05,1.30448e-05
290,104.542,0.90814,0.83446,0.83811,0.82454,0.77624,0.8662,0.65641,0.87037,0.76206,0.83922,1.21769e-05,1.21769e-05,1.21769e-05
291,110.89,0.91077,0.77069,0.84745,0.83563,0.77347,0.86348,0.64837,0.88439,0.76987,0.84368,1.1309e-05,1.1309e-05,1.1309e-05
292,116.404,0.90683,0.75916,0.85014,0.83805,0.75873,0.8599,0.64269,0.90415,0.78352,0.84908,1.04411e-05,1.04411e-05,1.04411e-05
293,121.673,0.88827,0.74894,0.84288,0.82766,0.76066,0.85885,0.64304,0.90563,0.78492,0.84902,9.5732e-06,9.5732e-06,9.5732e-06
294,126.72,0.89552,0.7434,0.84933,0.82916,0.75771,0.86029,0.64547,0.89777,0.78079,0.84856,8.7053e-06,8.7053e-06,8.7053e-06
295,129.914,0.87421,0.74057,0.84199,0.83347,0.75529,0.8606,0.64428,0.90159,0.78064,0.85046,7.8374e-06,7.8374e-06,7.8374e-06
296,134.972,0.87943,0.73507,0.84415,0.8282,0.76239,0.86045,0.6476,0.89102,0.78233,0.8463,6.9695e-06,6.9695e-06,6.9695e-06
297,140.275,0.87975,0.75812,0.84024,0.82835,0.76018,0.8601,0.64552,0.89651,0.78394,0.849,6.1016e-06,6.1016e-06,6.1016e-06
298,145.624,0.87629,0.73285,0.84087,0.82642,0.7599,0.85937,0.64267,0.90303,0.78603,0.85025,5.2337e-06,5.2337e-06,5.2337e-06
299,150.919,0.88465,0.72676,0.84824,0.82475,0.76485,0.86053,0.6453,0.8953,0.78169,0.84734,4.3658e-06,4.3658e-06,4.3658e-06
300,156.031,0.86748,0.7414,0.83662,0.82397,0.76678,0.86109,0.64619,0.89157,0.77882,0.84611,3.4979e-06,3.4979e-06,3.4979e-06
